<?xml version="1.0" encoding="UTF-8"?>
<mxfile host="app.diagrams.net" modified="2024-04-16T12:23:30.966Z" agent="Mozilla/5.0 (Windows NT 10.0; Win64; x64) AppleWebKit/537.36 (KHTML, like Gecko) Chrome/123.0.0.0 Safari/537.36" etag="sNoVhdgwA5OioPJXwcz6" version="24.2.5">
  <diagram id="C5RBs43oDa-KdzZeNtuy" name="Page-1">
    <mxGraphModel dx="1674" dy="987" grid="1" gridSize="10" guides="1" tooltips="1" connect="1" arrows="1" fold="1" page="1" pageScale="1" pageWidth="827" pageHeight="1169" math="0" shadow="0">
      <root>
        <mxCell id="WIyWlLk6GJQsqaUBKTNV-0" />
        <mxCell id="WIyWlLk6GJQsqaUBKTNV-1" parent="WIyWlLk6GJQsqaUBKTNV-0" />
        <mxCell id="zkfFHV4jXpPFQw0GAbJ--0" value="InstructorRatings" style="swimlane;fontStyle=2;align=center;verticalAlign=top;childLayout=stackLayout;horizontal=1;startSize=26;horizontalStack=0;resizeParent=1;resizeLast=0;collapsible=1;marginBottom=0;rounded=0;shadow=0;strokeWidth=1;fillColor=#e1d5e7;strokeColor=#9673a6;" parent="WIyWlLk6GJQsqaUBKTNV-1" vertex="1">
          <mxGeometry x="525" y="1190" width="270" height="420" as="geometry">
            <mxRectangle x="230" y="140" width="160" height="26" as="alternateBounds" />
          </mxGeometry>
        </mxCell>
        <mxCell id="zkfFHV4jXpPFQw0GAbJ--1" value="bookingID" style="text;align=left;verticalAlign=top;spacingLeft=4;spacingRight=4;overflow=hidden;rotatable=0;points=[[0,0.5],[1,0.5]];portConstraint=eastwest;" parent="zkfFHV4jXpPFQw0GAbJ--0" vertex="1">
          <mxGeometry y="26" width="270" height="26" as="geometry" />
        </mxCell>
        <mxCell id="zkfFHV4jXpPFQw0GAbJ--2" value="ratings" style="text;align=left;verticalAlign=top;spacingLeft=4;spacingRight=4;overflow=hidden;rotatable=0;points=[[0,0.5],[1,0.5]];portConstraint=eastwest;rounded=0;shadow=0;html=0;" parent="zkfFHV4jXpPFQw0GAbJ--0" vertex="1">
          <mxGeometry y="52" width="270" height="26" as="geometry" />
        </mxCell>
        <mxCell id="zkfFHV4jXpPFQw0GAbJ--3" value="review" style="text;align=left;verticalAlign=top;spacingLeft=4;spacingRight=4;overflow=hidden;rotatable=0;points=[[0,0.5],[1,0.5]];portConstraint=eastwest;rounded=0;shadow=0;html=0;" parent="zkfFHV4jXpPFQw0GAbJ--0" vertex="1">
          <mxGeometry y="78" width="270" height="26" as="geometry" />
        </mxCell>
        <mxCell id="zkfFHV4jXpPFQw0GAbJ--5" value="givenTo" style="text;align=left;verticalAlign=top;spacingLeft=4;spacingRight=4;overflow=hidden;rotatable=0;points=[[0,0.5],[1,0.5]];portConstraint=eastwest;" parent="zkfFHV4jXpPFQw0GAbJ--0" vertex="1">
          <mxGeometry y="104" width="270" height="26" as="geometry" />
        </mxCell>
        <mxCell id="wInU1kl_aMABoQA6wtvj-3" value="givenOn" style="text;align=left;verticalAlign=top;spacingLeft=4;spacingRight=4;overflow=hidden;rotatable=0;points=[[0,0.5],[1,0.5]];portConstraint=eastwest;" vertex="1" parent="zkfFHV4jXpPFQw0GAbJ--0">
          <mxGeometry y="130" width="270" height="26" as="geometry" />
        </mxCell>
        <mxCell id="zkfFHV4jXpPFQw0GAbJ--4" value="" style="line;html=1;strokeWidth=1;align=left;verticalAlign=middle;spacingTop=-1;spacingLeft=3;spacingRight=3;rotatable=0;labelPosition=right;points=[];portConstraint=eastwest;" parent="zkfFHV4jXpPFQw0GAbJ--0" vertex="1">
          <mxGeometry y="156" width="270" height="8" as="geometry" />
        </mxCell>
        <mxCell id="wInU1kl_aMABoQA6wtvj-4" value="InstructorRatings(String bookingID, int ratings, String review, int givenTo, String givenOn)" style="text;align=left;verticalAlign=top;spacingLeft=4;spacingRight=4;overflow=hidden;rotatable=0;points=[[0,0.5],[1,0.5]];portConstraint=eastwest;" vertex="1" parent="zkfFHV4jXpPFQw0GAbJ--0">
          <mxGeometry y="164" width="270" height="26" as="geometry" />
        </mxCell>
        <mxCell id="wInU1kl_aMABoQA6wtvj-5" value="getBookingID()" style="text;align=left;verticalAlign=top;spacingLeft=4;spacingRight=4;overflow=hidden;rotatable=0;points=[[0,0.5],[1,0.5]];portConstraint=eastwest;" vertex="1" parent="zkfFHV4jXpPFQw0GAbJ--0">
          <mxGeometry y="190" width="270" height="26" as="geometry" />
        </mxCell>
        <mxCell id="wInU1kl_aMABoQA6wtvj-6" value="getRatings() " style="text;align=left;verticalAlign=top;spacingLeft=4;spacingRight=4;overflow=hidden;rotatable=0;points=[[0,0.5],[1,0.5]];portConstraint=eastwest;" vertex="1" parent="zkfFHV4jXpPFQw0GAbJ--0">
          <mxGeometry y="216" width="270" height="26" as="geometry" />
        </mxCell>
        <mxCell id="wInU1kl_aMABoQA6wtvj-7" value="getReview()" style="text;align=left;verticalAlign=top;spacingLeft=4;spacingRight=4;overflow=hidden;rotatable=0;points=[[0,0.5],[1,0.5]];portConstraint=eastwest;" vertex="1" parent="zkfFHV4jXpPFQw0GAbJ--0">
          <mxGeometry y="242" width="270" height="26" as="geometry" />
        </mxCell>
        <mxCell id="wInU1kl_aMABoQA6wtvj-8" value="getGivenTo()" style="text;align=left;verticalAlign=top;spacingLeft=4;spacingRight=4;overflow=hidden;rotatable=0;points=[[0,0.5],[1,0.5]];portConstraint=eastwest;" vertex="1" parent="zkfFHV4jXpPFQw0GAbJ--0">
          <mxGeometry y="268" width="270" height="26" as="geometry" />
        </mxCell>
        <mxCell id="wInU1kl_aMABoQA6wtvj-9" value="getGivenOn()" style="text;align=left;verticalAlign=top;spacingLeft=4;spacingRight=4;overflow=hidden;rotatable=0;points=[[0,0.5],[1,0.5]];portConstraint=eastwest;" vertex="1" parent="zkfFHV4jXpPFQw0GAbJ--0">
          <mxGeometry y="294" width="270" height="26" as="geometry" />
        </mxCell>
        <mxCell id="wInU1kl_aMABoQA6wtvj-10" value="getInstructorRatings()" style="text;align=left;verticalAlign=top;spacingLeft=4;spacingRight=4;overflow=hidden;rotatable=0;points=[[0,0.5],[1,0.5]];portConstraint=eastwest;" vertex="1" parent="zkfFHV4jXpPFQw0GAbJ--0">
          <mxGeometry y="320" width="270" height="26" as="geometry" />
        </mxCell>
        <mxCell id="wInU1kl_aMABoQA6wtvj-11" value="addRating()" style="text;align=left;verticalAlign=top;spacingLeft=4;spacingRight=4;overflow=hidden;rotatable=0;points=[[0,0.5],[1,0.5]];portConstraint=eastwest;" vertex="1" parent="zkfFHV4jXpPFQw0GAbJ--0">
          <mxGeometry y="346" width="270" height="26" as="geometry" />
        </mxCell>
        <mxCell id="wInU1kl_aMABoQA6wtvj-12" value="givenRatings()" style="text;align=left;verticalAlign=top;spacingLeft=4;spacingRight=4;overflow=hidden;rotatable=0;points=[[0,0.5],[1,0.5]];portConstraint=eastwest;" vertex="1" parent="zkfFHV4jXpPFQw0GAbJ--0">
          <mxGeometry y="372" width="270" height="26" as="geometry" />
        </mxCell>
        <mxCell id="wInU1kl_aMABoQA6wtvj-162" style="edgeStyle=orthogonalEdgeStyle;rounded=0;orthogonalLoop=1;jettySize=auto;html=1;exitX=0.5;exitY=1;exitDx=0;exitDy=0;entryX=0.5;entryY=0;entryDx=0;entryDy=0;endArrow=block;endFill=0;" edge="1" parent="WIyWlLk6GJQsqaUBKTNV-1" source="zkfFHV4jXpPFQw0GAbJ--6" target="wInU1kl_aMABoQA6wtvj-89">
          <mxGeometry relative="1" as="geometry">
            <Array as="points">
              <mxPoint x="260" y="2590" />
              <mxPoint x="470" y="2590" />
            </Array>
          </mxGeometry>
        </mxCell>
        <mxCell id="zkfFHV4jXpPFQw0GAbJ--6" value="ProxyDesignPatttern" style="swimlane;fontStyle=0;align=center;verticalAlign=top;childLayout=stackLayout;horizontal=1;startSize=26;horizontalStack=0;resizeParent=1;resizeLast=0;collapsible=1;marginBottom=0;rounded=0;shadow=0;strokeWidth=1;fillColor=#e1d5e7;strokeColor=#9673a6;" parent="WIyWlLk6GJQsqaUBKTNV-1" vertex="1">
          <mxGeometry x="140" y="2350" width="240" height="90" as="geometry">
            <mxRectangle x="130" y="380" width="160" height="26" as="alternateBounds" />
          </mxGeometry>
        </mxCell>
        <mxCell id="zkfFHV4jXpPFQw0GAbJ--9" value="" style="line;html=1;strokeWidth=1;align=left;verticalAlign=middle;spacingTop=-1;spacingLeft=3;spacingRight=3;rotatable=0;labelPosition=right;points=[];portConstraint=eastwest;" parent="zkfFHV4jXpPFQw0GAbJ--6" vertex="1">
          <mxGeometry y="26" width="240" height="8" as="geometry" />
        </mxCell>
        <mxCell id="zkfFHV4jXpPFQw0GAbJ--7" value="generateReport()" style="text;align=left;verticalAlign=top;spacingLeft=4;spacingRight=4;overflow=hidden;rotatable=0;points=[[0,0.5],[1,0.5]];portConstraint=eastwest;" parent="zkfFHV4jXpPFQw0GAbJ--6" vertex="1">
          <mxGeometry y="34" width="240" height="26" as="geometry" />
        </mxCell>
        <mxCell id="wInU1kl_aMABoQA6wtvj-161" style="edgeStyle=orthogonalEdgeStyle;rounded=0;orthogonalLoop=1;jettySize=auto;html=1;exitX=0.5;exitY=1;exitDx=0;exitDy=0;entryX=0.5;entryY=0;entryDx=0;entryDy=0;endArrow=block;endFill=0;" edge="1" parent="WIyWlLk6GJQsqaUBKTNV-1" source="zkfFHV4jXpPFQw0GAbJ--13" target="wInU1kl_aMABoQA6wtvj-89">
          <mxGeometry relative="1" as="geometry" />
        </mxCell>
        <mxCell id="zkfFHV4jXpPFQw0GAbJ--13" value="ReportsData" style="swimlane;fontStyle=0;align=center;verticalAlign=top;childLayout=stackLayout;horizontal=1;startSize=26;horizontalStack=0;resizeParent=1;resizeLast=0;collapsible=1;marginBottom=0;rounded=0;shadow=0;strokeWidth=1;fillColor=#ffe6cc;strokeColor=#d79b00;" parent="WIyWlLk6GJQsqaUBKTNV-1" vertex="1">
          <mxGeometry x="595" y="2350" width="210" height="160" as="geometry">
            <mxRectangle x="340" y="380" width="170" height="26" as="alternateBounds" />
          </mxGeometry>
        </mxCell>
        <mxCell id="zkfFHV4jXpPFQw0GAbJ--15" value="" style="line;html=1;strokeWidth=1;align=left;verticalAlign=middle;spacingTop=-1;spacingLeft=3;spacingRight=3;rotatable=0;labelPosition=right;points=[];portConstraint=eastwest;" parent="zkfFHV4jXpPFQw0GAbJ--13" vertex="1">
          <mxGeometry y="26" width="210" height="8" as="geometry" />
        </mxCell>
        <mxCell id="wInU1kl_aMABoQA6wtvj-1" value="instructorRatingReport(int month)" style="text;align=left;verticalAlign=top;spacingLeft=4;spacingRight=4;overflow=hidden;rotatable=0;points=[[0,0.5],[1,0.5]];portConstraint=eastwest;" vertex="1" parent="zkfFHV4jXpPFQw0GAbJ--13">
          <mxGeometry y="34" width="210" height="26" as="geometry" />
        </mxCell>
        <mxCell id="zkfFHV4jXpPFQw0GAbJ--14" value="generateReport()" style="text;align=left;verticalAlign=top;spacingLeft=4;spacingRight=4;overflow=hidden;rotatable=0;points=[[0,0.5],[1,0.5]];portConstraint=eastwest;" parent="zkfFHV4jXpPFQw0GAbJ--13" vertex="1">
          <mxGeometry y="60" width="210" height="26" as="geometry" />
        </mxCell>
        <mxCell id="wInU1kl_aMABoQA6wtvj-0" value="getMonthNumber()" style="text;align=left;verticalAlign=top;spacingLeft=4;spacingRight=4;overflow=hidden;rotatable=0;points=[[0,0.5],[1,0.5]];portConstraint=eastwest;" vertex="1" parent="zkfFHV4jXpPFQw0GAbJ--13">
          <mxGeometry y="86" width="210" height="26" as="geometry" />
        </mxCell>
        <mxCell id="wInU1kl_aMABoQA6wtvj-2" value="learnerReport(int month)" style="text;align=left;verticalAlign=top;spacingLeft=4;spacingRight=4;overflow=hidden;rotatable=0;points=[[0,0.5],[1,0.5]];portConstraint=eastwest;" vertex="1" parent="zkfFHV4jXpPFQw0GAbJ--13">
          <mxGeometry y="112" width="210" height="26" as="geometry" />
        </mxCell>
        <mxCell id="zkfFHV4jXpPFQw0GAbJ--17" value=" MainClass " style="swimlane;fontStyle=0;align=center;verticalAlign=top;childLayout=stackLayout;horizontal=1;startSize=26;horizontalStack=0;resizeParent=1;resizeLast=0;collapsible=1;marginBottom=0;rounded=0;shadow=0;strokeWidth=1;fillColor=#f8cecc;strokeColor=#b85450;" parent="WIyWlLk6GJQsqaUBKTNV-1" vertex="1">
          <mxGeometry x="130" y="1993" width="240" height="160" as="geometry">
            <mxRectangle x="550" y="140" width="160" height="26" as="alternateBounds" />
          </mxGeometry>
        </mxCell>
        <mxCell id="zkfFHV4jXpPFQw0GAbJ--23" value="" style="line;html=1;strokeWidth=1;align=left;verticalAlign=middle;spacingTop=-1;spacingLeft=3;spacingRight=3;rotatable=0;labelPosition=right;points=[];portConstraint=eastwest;" parent="zkfFHV4jXpPFQw0GAbJ--17" vertex="1">
          <mxGeometry y="26" width="240" height="8" as="geometry" />
        </mxCell>
        <mxCell id="zkfFHV4jXpPFQw0GAbJ--18" value="checkDigit(String stringdata)" style="text;align=left;verticalAlign=top;spacingLeft=4;spacingRight=4;overflow=hidden;rotatable=0;points=[[0,0.5],[1,0.5]];portConstraint=eastwest;" parent="zkfFHV4jXpPFQw0GAbJ--17" vertex="1">
          <mxGeometry y="34" width="240" height="26" as="geometry" />
        </mxCell>
        <mxCell id="zkfFHV4jXpPFQw0GAbJ--19" value=" inputLessonIDForBooking()" style="text;align=left;verticalAlign=top;spacingLeft=4;spacingRight=4;overflow=hidden;rotatable=0;points=[[0,0.5],[1,0.5]];portConstraint=eastwest;rounded=0;shadow=0;html=0;" parent="zkfFHV4jXpPFQw0GAbJ--17" vertex="1">
          <mxGeometry y="60" width="240" height="26" as="geometry" />
        </mxCell>
        <mxCell id="zkfFHV4jXpPFQw0GAbJ--20" value="inputBookingID()" style="text;align=left;verticalAlign=top;spacingLeft=4;spacingRight=4;overflow=hidden;rotatable=0;points=[[0,0.5],[1,0.5]];portConstraint=eastwest;rounded=0;shadow=0;html=0;" parent="zkfFHV4jXpPFQw0GAbJ--17" vertex="1">
          <mxGeometry y="86" width="240" height="26" as="geometry" />
        </mxCell>
        <mxCell id="zkfFHV4jXpPFQw0GAbJ--21" value="inputLessonIDToUpdateBooking()" style="text;align=left;verticalAlign=top;spacingLeft=4;spacingRight=4;overflow=hidden;rotatable=0;points=[[0,0.5],[1,0.5]];portConstraint=eastwest;rounded=0;shadow=0;html=0;" parent="zkfFHV4jXpPFQw0GAbJ--17" vertex="1">
          <mxGeometry y="112" width="240" height="26" as="geometry" />
        </mxCell>
        <mxCell id="wInU1kl_aMABoQA6wtvj-140" style="edgeStyle=orthogonalEdgeStyle;rounded=0;orthogonalLoop=1;jettySize=auto;html=1;exitX=0.5;exitY=1;exitDx=0;exitDy=0;entryX=0.5;entryY=0;entryDx=0;entryDy=0;endArrow=none;endFill=0;" edge="1" parent="WIyWlLk6GJQsqaUBKTNV-1" source="wInU1kl_aMABoQA6wtvj-13" target="wInU1kl_aMABoQA6wtvj-80">
          <mxGeometry relative="1" as="geometry" />
        </mxCell>
        <mxCell id="wInU1kl_aMABoQA6wtvj-13" value="TimetableLessons" style="swimlane;fontStyle=2;align=center;verticalAlign=top;childLayout=stackLayout;horizontal=1;startSize=26;horizontalStack=0;resizeParent=1;resizeLast=0;collapsible=1;marginBottom=0;rounded=0;shadow=0;strokeWidth=1;fillColor=#dae8fc;strokeColor=#6c8ebf;" vertex="1" parent="WIyWlLk6GJQsqaUBKTNV-1">
          <mxGeometry x="140" y="970" width="270" height="830" as="geometry">
            <mxRectangle x="230" y="140" width="160" height="26" as="alternateBounds" />
          </mxGeometry>
        </mxCell>
        <mxCell id="wInU1kl_aMABoQA6wtvj-14" value="timetableID" style="text;align=left;verticalAlign=top;spacingLeft=4;spacingRight=4;overflow=hidden;rotatable=0;points=[[0,0.5],[1,0.5]];portConstraint=eastwest;" vertex="1" parent="wInU1kl_aMABoQA6wtvj-13">
          <mxGeometry y="26" width="270" height="26" as="geometry" />
        </mxCell>
        <mxCell id="wInU1kl_aMABoQA6wtvj-15" value="lesson" style="text;align=left;verticalAlign=top;spacingLeft=4;spacingRight=4;overflow=hidden;rotatable=0;points=[[0,0.5],[1,0.5]];portConstraint=eastwest;rounded=0;shadow=0;html=0;" vertex="1" parent="wInU1kl_aMABoQA6wtvj-13">
          <mxGeometry y="52" width="270" height="26" as="geometry" />
        </mxCell>
        <mxCell id="wInU1kl_aMABoQA6wtvj-16" value="day" style="text;align=left;verticalAlign=top;spacingLeft=4;spacingRight=4;overflow=hidden;rotatable=0;points=[[0,0.5],[1,0.5]];portConstraint=eastwest;rounded=0;shadow=0;html=0;" vertex="1" parent="wInU1kl_aMABoQA6wtvj-13">
          <mxGeometry y="78" width="270" height="26" as="geometry" />
        </mxCell>
        <mxCell id="wInU1kl_aMABoQA6wtvj-17" value="slot" style="text;align=left;verticalAlign=top;spacingLeft=4;spacingRight=4;overflow=hidden;rotatable=0;points=[[0,0.5],[1,0.5]];portConstraint=eastwest;" vertex="1" parent="wInU1kl_aMABoQA6wtvj-13">
          <mxGeometry y="104" width="270" height="26" as="geometry" />
        </mxCell>
        <mxCell id="wInU1kl_aMABoQA6wtvj-18" value="lesosnDate" style="text;align=left;verticalAlign=top;spacingLeft=4;spacingRight=4;overflow=hidden;rotatable=0;points=[[0,0.5],[1,0.5]];portConstraint=eastwest;" vertex="1" parent="wInU1kl_aMABoQA6wtvj-13">
          <mxGeometry y="130" width="270" height="26" as="geometry" />
        </mxCell>
        <mxCell id="wInU1kl_aMABoQA6wtvj-20" value="classGradelevel" style="text;align=left;verticalAlign=top;spacingLeft=4;spacingRight=4;overflow=hidden;rotatable=0;points=[[0,0.5],[1,0.5]];portConstraint=eastwest;" vertex="1" parent="wInU1kl_aMABoQA6wtvj-13">
          <mxGeometry y="156" width="270" height="26" as="geometry" />
        </mxCell>
        <mxCell id="wInU1kl_aMABoQA6wtvj-21" value="instructorUserID" style="text;align=left;verticalAlign=top;spacingLeft=4;spacingRight=4;overflow=hidden;rotatable=0;points=[[0,0.5],[1,0.5]];portConstraint=eastwest;" vertex="1" parent="wInU1kl_aMABoQA6wtvj-13">
          <mxGeometry y="182" width="270" height="26" as="geometry" />
        </mxCell>
        <mxCell id="wInU1kl_aMABoQA6wtvj-22" value="maxSeatsForLesson" style="text;align=left;verticalAlign=top;spacingLeft=4;spacingRight=4;overflow=hidden;rotatable=0;points=[[0,0.5],[1,0.5]];portConstraint=eastwest;" vertex="1" parent="wInU1kl_aMABoQA6wtvj-13">
          <mxGeometry y="208" width="270" height="26" as="geometry" />
        </mxCell>
        <mxCell id="wInU1kl_aMABoQA6wtvj-19" value="" style="line;html=1;strokeWidth=1;align=left;verticalAlign=middle;spacingTop=-1;spacingLeft=3;spacingRight=3;rotatable=0;labelPosition=right;points=[];portConstraint=eastwest;" vertex="1" parent="wInU1kl_aMABoQA6wtvj-13">
          <mxGeometry y="234" width="270" height="8" as="geometry" />
        </mxCell>
        <mxCell id="wInU1kl_aMABoQA6wtvj-23" value="TimetableLessons(int timetableID, String lesson, String day, String slot, String lesosnDate, int classGradelevel, int instructorUserID, int maxSeatsForLesson)" style="text;align=left;verticalAlign=top;spacingLeft=4;spacingRight=4;overflow=hidden;rotatable=0;points=[[0,0.5],[1,0.5]];portConstraint=eastwest;" vertex="1" parent="wInU1kl_aMABoQA6wtvj-13">
          <mxGeometry y="242" width="270" height="26" as="geometry" />
        </mxCell>
        <mxCell id="wInU1kl_aMABoQA6wtvj-24" value=" getTimetableID()" style="text;align=left;verticalAlign=top;spacingLeft=4;spacingRight=4;overflow=hidden;rotatable=0;points=[[0,0.5],[1,0.5]];portConstraint=eastwest;" vertex="1" parent="wInU1kl_aMABoQA6wtvj-13">
          <mxGeometry y="268" width="270" height="26" as="geometry" />
        </mxCell>
        <mxCell id="wInU1kl_aMABoQA6wtvj-25" value=" getLesson()" style="text;align=left;verticalAlign=top;spacingLeft=4;spacingRight=4;overflow=hidden;rotatable=0;points=[[0,0.5],[1,0.5]];portConstraint=eastwest;" vertex="1" parent="wInU1kl_aMABoQA6wtvj-13">
          <mxGeometry y="294" width="270" height="26" as="geometry" />
        </mxCell>
        <mxCell id="wInU1kl_aMABoQA6wtvj-26" value=" getDay()" style="text;align=left;verticalAlign=top;spacingLeft=4;spacingRight=4;overflow=hidden;rotatable=0;points=[[0,0.5],[1,0.5]];portConstraint=eastwest;" vertex="1" parent="wInU1kl_aMABoQA6wtvj-13">
          <mxGeometry y="320" width="270" height="26" as="geometry" />
        </mxCell>
        <mxCell id="wInU1kl_aMABoQA6wtvj-27" value="getSlot()" style="text;align=left;verticalAlign=top;spacingLeft=4;spacingRight=4;overflow=hidden;rotatable=0;points=[[0,0.5],[1,0.5]];portConstraint=eastwest;" vertex="1" parent="wInU1kl_aMABoQA6wtvj-13">
          <mxGeometry y="346" width="270" height="26" as="geometry" />
        </mxCell>
        <mxCell id="wInU1kl_aMABoQA6wtvj-28" value="getLesosnDate()" style="text;align=left;verticalAlign=top;spacingLeft=4;spacingRight=4;overflow=hidden;rotatable=0;points=[[0,0.5],[1,0.5]];portConstraint=eastwest;" vertex="1" parent="wInU1kl_aMABoQA6wtvj-13">
          <mxGeometry y="372" width="270" height="26" as="geometry" />
        </mxCell>
        <mxCell id="wInU1kl_aMABoQA6wtvj-29" value=" getClassGradelevel()" style="text;align=left;verticalAlign=top;spacingLeft=4;spacingRight=4;overflow=hidden;rotatable=0;points=[[0,0.5],[1,0.5]];portConstraint=eastwest;" vertex="1" parent="wInU1kl_aMABoQA6wtvj-13">
          <mxGeometry y="398" width="270" height="26" as="geometry" />
        </mxCell>
        <mxCell id="wInU1kl_aMABoQA6wtvj-30" value="getInstructorUserID()" style="text;align=left;verticalAlign=top;spacingLeft=4;spacingRight=4;overflow=hidden;rotatable=0;points=[[0,0.5],[1,0.5]];portConstraint=eastwest;" vertex="1" parent="wInU1kl_aMABoQA6wtvj-13">
          <mxGeometry y="424" width="270" height="26" as="geometry" />
        </mxCell>
        <mxCell id="wInU1kl_aMABoQA6wtvj-31" value="getMaxSeatsForLesson()" style="text;align=left;verticalAlign=top;spacingLeft=4;spacingRight=4;overflow=hidden;rotatable=0;points=[[0,0.5],[1,0.5]];portConstraint=eastwest;" vertex="1" parent="wInU1kl_aMABoQA6wtvj-13">
          <mxGeometry y="450" width="270" height="26" as="geometry" />
        </mxCell>
        <mxCell id="wInU1kl_aMABoQA6wtvj-32" value="setMaxSeatsForLesson(int maxSeatsForLesson)" style="text;align=left;verticalAlign=top;spacingLeft=4;spacingRight=4;overflow=hidden;rotatable=0;points=[[0,0.5],[1,0.5]];portConstraint=eastwest;" vertex="1" parent="wInU1kl_aMABoQA6wtvj-13">
          <mxGeometry y="476" width="270" height="26" as="geometry" />
        </mxCell>
        <mxCell id="wInU1kl_aMABoQA6wtvj-33" value="getTimetableLessons()" style="text;align=left;verticalAlign=top;spacingLeft=4;spacingRight=4;overflow=hidden;rotatable=0;points=[[0,0.5],[1,0.5]];portConstraint=eastwest;" vertex="1" parent="wInU1kl_aMABoQA6wtvj-13">
          <mxGeometry y="502" width="270" height="26" as="geometry" />
        </mxCell>
        <mxCell id="wInU1kl_aMABoQA6wtvj-34" value="saveData()" style="text;align=left;verticalAlign=top;spacingLeft=4;spacingRight=4;overflow=hidden;rotatable=0;points=[[0,0.5],[1,0.5]];portConstraint=eastwest;" vertex="1" parent="wInU1kl_aMABoQA6wtvj-13">
          <mxGeometry y="528" width="270" height="26" as="geometry" />
        </mxCell>
        <mxCell id="wInU1kl_aMABoQA6wtvj-35" value="viewTimetableLessons()" style="text;align=left;verticalAlign=top;spacingLeft=4;spacingRight=4;overflow=hidden;rotatable=0;points=[[0,0.5],[1,0.5]];portConstraint=eastwest;" vertex="1" parent="wInU1kl_aMABoQA6wtvj-13">
          <mxGeometry y="554" width="270" height="26" as="geometry" />
        </mxCell>
        <mxCell id="wInU1kl_aMABoQA6wtvj-36" value="inputInstructorIdToApplyFilter()" style="text;align=left;verticalAlign=top;spacingLeft=4;spacingRight=4;overflow=hidden;rotatable=0;points=[[0,0.5],[1,0.5]];portConstraint=eastwest;" vertex="1" parent="wInU1kl_aMABoQA6wtvj-13">
          <mxGeometry y="580" width="270" height="26" as="geometry" />
        </mxCell>
        <mxCell id="wInU1kl_aMABoQA6wtvj-37" value="inputDayToApplyFilter()" style="text;align=left;verticalAlign=top;spacingLeft=4;spacingRight=4;overflow=hidden;rotatable=0;points=[[0,0.5],[1,0.5]];portConstraint=eastwest;" vertex="1" parent="wInU1kl_aMABoQA6wtvj-13">
          <mxGeometry y="606" width="270" height="26" as="geometry" />
        </mxCell>
        <mxCell id="wInU1kl_aMABoQA6wtvj-38" value="inputGradeLevelToApplyFilter()" style="text;align=left;verticalAlign=top;spacingLeft=4;spacingRight=4;overflow=hidden;rotatable=0;points=[[0,0.5],[1,0.5]];portConstraint=eastwest;" vertex="1" parent="wInU1kl_aMABoQA6wtvj-13">
          <mxGeometry y="632" width="270" height="26" as="geometry" />
        </mxCell>
        <mxCell id="wInU1kl_aMABoQA6wtvj-39" value="filteredTimetableLessons()" style="text;align=left;verticalAlign=top;spacingLeft=4;spacingRight=4;overflow=hidden;rotatable=0;points=[[0,0.5],[1,0.5]];portConstraint=eastwest;" vertex="1" parent="wInU1kl_aMABoQA6wtvj-13">
          <mxGeometry y="658" width="270" height="26" as="geometry" />
        </mxCell>
        <mxCell id="wInU1kl_aMABoQA6wtvj-40" value="isLessonFound(int timetableID)" style="text;align=left;verticalAlign=top;spacingLeft=4;spacingRight=4;overflow=hidden;rotatable=0;points=[[0,0.5],[1,0.5]];portConstraint=eastwest;" vertex="1" parent="wInU1kl_aMABoQA6wtvj-13">
          <mxGeometry y="684" width="270" height="26" as="geometry" />
        </mxCell>
        <mxCell id="wInU1kl_aMABoQA6wtvj-41" value=" getAvailableSeats(int timetableID)" style="text;align=left;verticalAlign=top;spacingLeft=4;spacingRight=4;overflow=hidden;rotatable=0;points=[[0,0.5],[1,0.5]];portConstraint=eastwest;" vertex="1" parent="wInU1kl_aMABoQA6wtvj-13">
          <mxGeometry y="710" width="270" height="26" as="geometry" />
        </mxCell>
        <mxCell id="wInU1kl_aMABoQA6wtvj-42" value="decreaseLessonSeatsAvailability(int timetableID)" style="text;align=left;verticalAlign=top;spacingLeft=4;spacingRight=4;overflow=hidden;rotatable=0;points=[[0,0.5],[1,0.5]];portConstraint=eastwest;" vertex="1" parent="wInU1kl_aMABoQA6wtvj-13">
          <mxGeometry y="736" width="270" height="26" as="geometry" />
        </mxCell>
        <mxCell id="wInU1kl_aMABoQA6wtvj-43" value="increaseLessonSeatsAvailability(int timetableID)" style="text;align=left;verticalAlign=top;spacingLeft=4;spacingRight=4;overflow=hidden;rotatable=0;points=[[0,0.5],[1,0.5]];portConstraint=eastwest;" vertex="1" parent="wInU1kl_aMABoQA6wtvj-13">
          <mxGeometry y="762" width="270" height="26" as="geometry" />
        </mxCell>
        <mxCell id="wInU1kl_aMABoQA6wtvj-44" value="validLessonToBook(int timetableID)" style="text;align=left;verticalAlign=top;spacingLeft=4;spacingRight=4;overflow=hidden;rotatable=0;points=[[0,0.5],[1,0.5]];portConstraint=eastwest;" vertex="1" parent="wInU1kl_aMABoQA6wtvj-13">
          <mxGeometry y="788" width="270" height="26" as="geometry" />
        </mxCell>
        <mxCell id="wInU1kl_aMABoQA6wtvj-165" style="edgeStyle=orthogonalEdgeStyle;rounded=0;orthogonalLoop=1;jettySize=auto;html=1;exitX=0;exitY=0.5;exitDx=0;exitDy=0;entryX=0.5;entryY=0;entryDx=0;entryDy=0;endArrow=none;endFill=0;" edge="1" parent="WIyWlLk6GJQsqaUBKTNV-1" source="wInU1kl_aMABoQA6wtvj-71" target="zkfFHV4jXpPFQw0GAbJ--0">
          <mxGeometry relative="1" as="geometry">
            <Array as="points">
              <mxPoint x="750" y="710" />
              <mxPoint x="660" y="710" />
            </Array>
          </mxGeometry>
        </mxCell>
        <mxCell id="wInU1kl_aMABoQA6wtvj-45" value=" Bookings" style="swimlane;fontStyle=2;align=center;verticalAlign=top;childLayout=stackLayout;horizontal=1;startSize=26;horizontalStack=0;resizeParent=1;resizeLast=0;collapsible=1;marginBottom=0;rounded=0;shadow=0;strokeWidth=1;fillColor=#f8cecc;strokeColor=#b85450;" vertex="1" parent="WIyWlLk6GJQsqaUBKTNV-1">
          <mxGeometry x="750" y="40" width="270" height="710" as="geometry">
            <mxRectangle x="230" y="140" width="160" height="26" as="alternateBounds" />
          </mxGeometry>
        </mxCell>
        <mxCell id="wInU1kl_aMABoQA6wtvj-46" value="bookingID" style="text;align=left;verticalAlign=top;spacingLeft=4;spacingRight=4;overflow=hidden;rotatable=0;points=[[0,0.5],[1,0.5]];portConstraint=eastwest;" vertex="1" parent="wInU1kl_aMABoQA6wtvj-45">
          <mxGeometry y="26" width="270" height="26" as="geometry" />
        </mxCell>
        <mxCell id="wInU1kl_aMABoQA6wtvj-47" value="userID" style="text;align=left;verticalAlign=top;spacingLeft=4;spacingRight=4;overflow=hidden;rotatable=0;points=[[0,0.5],[1,0.5]];portConstraint=eastwest;rounded=0;shadow=0;html=0;" vertex="1" parent="wInU1kl_aMABoQA6wtvj-45">
          <mxGeometry y="52" width="270" height="26" as="geometry" />
        </mxCell>
        <mxCell id="wInU1kl_aMABoQA6wtvj-48" value="timetableID" style="text;align=left;verticalAlign=top;spacingLeft=4;spacingRight=4;overflow=hidden;rotatable=0;points=[[0,0.5],[1,0.5]];portConstraint=eastwest;rounded=0;shadow=0;html=0;" vertex="1" parent="wInU1kl_aMABoQA6wtvj-45">
          <mxGeometry y="78" width="270" height="26" as="geometry" />
        </mxCell>
        <mxCell id="wInU1kl_aMABoQA6wtvj-49" value=" bookingStatus" style="text;align=left;verticalAlign=top;spacingLeft=4;spacingRight=4;overflow=hidden;rotatable=0;points=[[0,0.5],[1,0.5]];portConstraint=eastwest;" vertex="1" parent="wInU1kl_aMABoQA6wtvj-45">
          <mxGeometry y="104" width="270" height="26" as="geometry" />
        </mxCell>
        <mxCell id="wInU1kl_aMABoQA6wtvj-50" value="instructedBy" style="text;align=left;verticalAlign=top;spacingLeft=4;spacingRight=4;overflow=hidden;rotatable=0;points=[[0,0.5],[1,0.5]];portConstraint=eastwest;" vertex="1" parent="wInU1kl_aMABoQA6wtvj-45">
          <mxGeometry y="130" width="270" height="26" as="geometry" />
        </mxCell>
        <mxCell id="wInU1kl_aMABoQA6wtvj-54" value="" style="line;html=1;strokeWidth=1;align=left;verticalAlign=middle;spacingTop=-1;spacingLeft=3;spacingRight=3;rotatable=0;labelPosition=right;points=[];portConstraint=eastwest;" vertex="1" parent="wInU1kl_aMABoQA6wtvj-45">
          <mxGeometry y="156" width="270" height="8" as="geometry" />
        </mxCell>
        <mxCell id="wInU1kl_aMABoQA6wtvj-51" value=" Bookings(String bookingID, int userID, int timetableID, String bookingStatus, int instructedBy)" style="text;align=left;verticalAlign=top;spacingLeft=4;spacingRight=4;overflow=hidden;rotatable=0;points=[[0,0.5],[1,0.5]];portConstraint=eastwest;" vertex="1" parent="wInU1kl_aMABoQA6wtvj-45">
          <mxGeometry y="164" width="270" height="26" as="geometry" />
        </mxCell>
        <mxCell id="wInU1kl_aMABoQA6wtvj-52" value="getBookingID()" style="text;align=left;verticalAlign=top;spacingLeft=4;spacingRight=4;overflow=hidden;rotatable=0;points=[[0,0.5],[1,0.5]];portConstraint=eastwest;" vertex="1" parent="wInU1kl_aMABoQA6wtvj-45">
          <mxGeometry y="190" width="270" height="26" as="geometry" />
        </mxCell>
        <mxCell id="wInU1kl_aMABoQA6wtvj-53" value="getUserID() " style="text;align=left;verticalAlign=top;spacingLeft=4;spacingRight=4;overflow=hidden;rotatable=0;points=[[0,0.5],[1,0.5]];portConstraint=eastwest;" vertex="1" parent="wInU1kl_aMABoQA6wtvj-45">
          <mxGeometry y="216" width="270" height="26" as="geometry" />
        </mxCell>
        <mxCell id="wInU1kl_aMABoQA6wtvj-55" value="getTimetableID() " style="text;align=left;verticalAlign=top;spacingLeft=4;spacingRight=4;overflow=hidden;rotatable=0;points=[[0,0.5],[1,0.5]];portConstraint=eastwest;" vertex="1" parent="wInU1kl_aMABoQA6wtvj-45">
          <mxGeometry y="242" width="270" height="26" as="geometry" />
        </mxCell>
        <mxCell id="wInU1kl_aMABoQA6wtvj-56" value="getBookingStatus()" style="text;align=left;verticalAlign=top;spacingLeft=4;spacingRight=4;overflow=hidden;rotatable=0;points=[[0,0.5],[1,0.5]];portConstraint=eastwest;" vertex="1" parent="wInU1kl_aMABoQA6wtvj-45">
          <mxGeometry y="268" width="270" height="26" as="geometry" />
        </mxCell>
        <mxCell id="wInU1kl_aMABoQA6wtvj-57" value="getInstructedBy() " style="text;align=left;verticalAlign=top;spacingLeft=4;spacingRight=4;overflow=hidden;rotatable=0;points=[[0,0.5],[1,0.5]];portConstraint=eastwest;" vertex="1" parent="wInU1kl_aMABoQA6wtvj-45">
          <mxGeometry y="294" width="270" height="26" as="geometry" />
        </mxCell>
        <mxCell id="wInU1kl_aMABoQA6wtvj-58" value="getBookingData()" style="text;align=left;verticalAlign=top;spacingLeft=4;spacingRight=4;overflow=hidden;rotatable=0;points=[[0,0.5],[1,0.5]];portConstraint=eastwest;" vertex="1" parent="wInU1kl_aMABoQA6wtvj-45">
          <mxGeometry y="320" width="270" height="26" as="geometry" />
        </mxCell>
        <mxCell id="wInU1kl_aMABoQA6wtvj-59" value="setTimetableID(int timetableID)" style="text;align=left;verticalAlign=top;spacingLeft=4;spacingRight=4;overflow=hidden;rotatable=0;points=[[0,0.5],[1,0.5]];portConstraint=eastwest;" vertex="1" parent="wInU1kl_aMABoQA6wtvj-45">
          <mxGeometry y="346" width="270" height="26" as="geometry" />
        </mxCell>
        <mxCell id="wInU1kl_aMABoQA6wtvj-60" value="setBookingStatus(String bookingStatus)" style="text;align=left;verticalAlign=top;spacingLeft=4;spacingRight=4;overflow=hidden;rotatable=0;points=[[0,0.5],[1,0.5]];portConstraint=eastwest;" vertex="1" parent="wInU1kl_aMABoQA6wtvj-45">
          <mxGeometry y="372" width="270" height="26" as="geometry" />
        </mxCell>
        <mxCell id="wInU1kl_aMABoQA6wtvj-61" value="setInstructedBy(int instructedBy)" style="text;align=left;verticalAlign=top;spacingLeft=4;spacingRight=4;overflow=hidden;rotatable=0;points=[[0,0.5],[1,0.5]];portConstraint=eastwest;" vertex="1" parent="wInU1kl_aMABoQA6wtvj-45">
          <mxGeometry y="398" width="270" height="26" as="geometry" />
        </mxCell>
        <mxCell id="wInU1kl_aMABoQA6wtvj-62" value="scheduleBooking(int timetableID)" style="text;align=left;verticalAlign=top;spacingLeft=4;spacingRight=4;overflow=hidden;rotatable=0;points=[[0,0.5],[1,0.5]];portConstraint=eastwest;" vertex="1" parent="wInU1kl_aMABoQA6wtvj-45">
          <mxGeometry y="424" width="270" height="26" as="geometry" />
        </mxCell>
        <mxCell id="wInU1kl_aMABoQA6wtvj-63" value="updateBooking( int timetableID)" style="text;align=left;verticalAlign=top;spacingLeft=4;spacingRight=4;overflow=hidden;rotatable=0;points=[[0,0.5],[1,0.5]];portConstraint=eastwest;" vertex="1" parent="wInU1kl_aMABoQA6wtvj-45">
          <mxGeometry y="450" width="270" height="26" as="geometry" />
        </mxCell>
        <mxCell id="wInU1kl_aMABoQA6wtvj-64" value="continueBooking()" style="text;align=left;verticalAlign=top;spacingLeft=4;spacingRight=4;overflow=hidden;rotatable=0;points=[[0,0.5],[1,0.5]];portConstraint=eastwest;" vertex="1" parent="wInU1kl_aMABoQA6wtvj-45">
          <mxGeometry y="476" width="270" height="26" as="geometry" />
        </mxCell>
        <mxCell id="wInU1kl_aMABoQA6wtvj-65" value="cancelBooking()" style="text;align=left;verticalAlign=top;spacingLeft=4;spacingRight=4;overflow=hidden;rotatable=0;points=[[0,0.5],[1,0.5]];portConstraint=eastwest;" vertex="1" parent="wInU1kl_aMABoQA6wtvj-45">
          <mxGeometry y="502" width="270" height="26" as="geometry" />
        </mxCell>
        <mxCell id="wInU1kl_aMABoQA6wtvj-66" value=" viewBookedLessons()" style="text;align=left;verticalAlign=top;spacingLeft=4;spacingRight=4;overflow=hidden;rotatable=0;points=[[0,0.5],[1,0.5]];portConstraint=eastwest;" vertex="1" parent="wInU1kl_aMABoQA6wtvj-45">
          <mxGeometry y="528" width="270" height="26" as="geometry" />
        </mxCell>
        <mxCell id="wInU1kl_aMABoQA6wtvj-67" value="isBookingIDFound(String bookingID)" style="text;align=left;verticalAlign=top;spacingLeft=4;spacingRight=4;overflow=hidden;rotatable=0;points=[[0,0.5],[1,0.5]];portConstraint=eastwest;" vertex="1" parent="wInU1kl_aMABoQA6wtvj-45">
          <mxGeometry y="554" width="270" height="26" as="geometry" />
        </mxCell>
        <mxCell id="wInU1kl_aMABoQA6wtvj-68" value=" returnBookingInstructorID()" style="text;align=left;verticalAlign=top;spacingLeft=4;spacingRight=4;overflow=hidden;rotatable=0;points=[[0,0.5],[1,0.5]];portConstraint=eastwest;" vertex="1" parent="wInU1kl_aMABoQA6wtvj-45">
          <mxGeometry y="580" width="270" height="26" as="geometry" />
        </mxCell>
        <mxCell id="wInU1kl_aMABoQA6wtvj-69" value="isBookingAlreadyAttendedByLearner(String bookingID)" style="text;align=left;verticalAlign=top;spacingLeft=4;spacingRight=4;overflow=hidden;rotatable=0;points=[[0,0.5],[1,0.5]];portConstraint=eastwest;" vertex="1" parent="wInU1kl_aMABoQA6wtvj-45">
          <mxGeometry y="606" width="270" height="26" as="geometry" />
        </mxCell>
        <mxCell id="wInU1kl_aMABoQA6wtvj-70" value="isBookingAlreadyCancelByLearner(String bookingID)" style="text;align=left;verticalAlign=top;spacingLeft=4;spacingRight=4;overflow=hidden;rotatable=0;points=[[0,0.5],[1,0.5]];portConstraint=eastwest;" vertex="1" parent="wInU1kl_aMABoQA6wtvj-45">
          <mxGeometry y="632" width="270" height="26" as="geometry" />
        </mxCell>
        <mxCell id="wInU1kl_aMABoQA6wtvj-71" value="isBookingTwiceByLearner(int timetableID)" style="text;align=left;verticalAlign=top;spacingLeft=4;spacingRight=4;overflow=hidden;rotatable=0;points=[[0,0.5],[1,0.5]];portConstraint=eastwest;" vertex="1" parent="wInU1kl_aMABoQA6wtvj-45">
          <mxGeometry y="658" width="270" height="26" as="geometry" />
        </mxCell>
        <mxCell id="wInU1kl_aMABoQA6wtvj-152" style="rounded=0;orthogonalLoop=1;jettySize=auto;html=1;exitX=0.5;exitY=1;exitDx=0;exitDy=0;endArrow=none;endFill=0;" edge="1" parent="WIyWlLk6GJQsqaUBKTNV-1" source="wInU1kl_aMABoQA6wtvj-80" target="zkfFHV4jXpPFQw0GAbJ--13">
          <mxGeometry relative="1" as="geometry" />
        </mxCell>
        <mxCell id="wInU1kl_aMABoQA6wtvj-80" value=" MenuClass " style="swimlane;fontStyle=0;align=center;verticalAlign=top;childLayout=stackLayout;horizontal=1;startSize=26;horizontalStack=0;resizeParent=1;resizeLast=0;collapsible=1;marginBottom=0;rounded=0;shadow=0;strokeWidth=1;fillColor=#dae8fc;strokeColor=#6c8ebf;" vertex="1" parent="WIyWlLk6GJQsqaUBKTNV-1">
          <mxGeometry x="580" y="1990" width="240" height="230" as="geometry">
            <mxRectangle x="550" y="140" width="160" height="26" as="alternateBounds" />
          </mxGeometry>
        </mxCell>
        <mxCell id="wInU1kl_aMABoQA6wtvj-81" value="" style="line;html=1;strokeWidth=1;align=left;verticalAlign=middle;spacingTop=-1;spacingLeft=3;spacingRight=3;rotatable=0;labelPosition=right;points=[];portConstraint=eastwest;" vertex="1" parent="wInU1kl_aMABoQA6wtvj-80">
          <mxGeometry y="26" width="240" height="8" as="geometry" />
        </mxCell>
        <mxCell id="wInU1kl_aMABoQA6wtvj-82" value=" mainMenuOptions()" style="text;align=left;verticalAlign=top;spacingLeft=4;spacingRight=4;overflow=hidden;rotatable=0;points=[[0,0.5],[1,0.5]];portConstraint=eastwest;" vertex="1" parent="wInU1kl_aMABoQA6wtvj-80">
          <mxGeometry y="34" width="240" height="26" as="geometry" />
        </mxCell>
        <mxCell id="wInU1kl_aMABoQA6wtvj-88" value="learnerMenu()" style="text;align=left;verticalAlign=top;spacingLeft=4;spacingRight=4;overflow=hidden;rotatable=0;points=[[0,0.5],[1,0.5]];portConstraint=eastwest;rounded=0;shadow=0;html=0;" vertex="1" parent="wInU1kl_aMABoQA6wtvj-80">
          <mxGeometry y="60" width="240" height="26" as="geometry" />
        </mxCell>
        <mxCell id="wInU1kl_aMABoQA6wtvj-83" value=" staffMenu()" style="text;align=left;verticalAlign=top;spacingLeft=4;spacingRight=4;overflow=hidden;rotatable=0;points=[[0,0.5],[1,0.5]];portConstraint=eastwest;rounded=0;shadow=0;html=0;" vertex="1" parent="wInU1kl_aMABoQA6wtvj-80">
          <mxGeometry y="86" width="240" height="26" as="geometry" />
        </mxCell>
        <mxCell id="wInU1kl_aMABoQA6wtvj-84" value=" applyFilterOnTimetableLessonOption()" style="text;align=left;verticalAlign=top;spacingLeft=4;spacingRight=4;overflow=hidden;rotatable=0;points=[[0,0.5],[1,0.5]];portConstraint=eastwest;rounded=0;shadow=0;html=0;" vertex="1" parent="wInU1kl_aMABoQA6wtvj-80">
          <mxGeometry y="112" width="240" height="26" as="geometry" />
        </mxCell>
        <mxCell id="wInU1kl_aMABoQA6wtvj-85" value="applyFilterOnTimetableLesson()" style="text;align=left;verticalAlign=top;spacingLeft=4;spacingRight=4;overflow=hidden;rotatable=0;points=[[0,0.5],[1,0.5]];portConstraint=eastwest;rounded=0;shadow=0;html=0;" vertex="1" parent="wInU1kl_aMABoQA6wtvj-80">
          <mxGeometry y="138" width="240" height="26" as="geometry" />
        </mxCell>
        <mxCell id="wInU1kl_aMABoQA6wtvj-86" value="bookingsOptions()" style="text;align=left;verticalAlign=top;spacingLeft=4;spacingRight=4;overflow=hidden;rotatable=0;points=[[0,0.5],[1,0.5]];portConstraint=eastwest;rounded=0;shadow=0;html=0;" vertex="1" parent="wInU1kl_aMABoQA6wtvj-80">
          <mxGeometry y="164" width="240" height="26" as="geometry" />
        </mxCell>
        <mxCell id="wInU1kl_aMABoQA6wtvj-87" value="manageBookings()" style="text;align=left;verticalAlign=top;spacingLeft=4;spacingRight=4;overflow=hidden;rotatable=0;points=[[0,0.5],[1,0.5]];portConstraint=eastwest;rounded=0;shadow=0;html=0;" vertex="1" parent="wInU1kl_aMABoQA6wtvj-80">
          <mxGeometry y="190" width="240" height="26" as="geometry" />
        </mxCell>
        <mxCell id="wInU1kl_aMABoQA6wtvj-89" value=" GenerateReport" style="swimlane;fontStyle=0;align=center;verticalAlign=top;childLayout=stackLayout;horizontal=1;startSize=26;horizontalStack=0;resizeParent=1;resizeLast=0;collapsible=1;marginBottom=0;rounded=0;shadow=0;strokeWidth=1;fillColor=#d5e8d4;strokeColor=#82b366;" vertex="1" parent="WIyWlLk6GJQsqaUBKTNV-1">
          <mxGeometry x="350" y="2670" width="240" height="90" as="geometry">
            <mxRectangle x="130" y="380" width="160" height="26" as="alternateBounds" />
          </mxGeometry>
        </mxCell>
        <mxCell id="wInU1kl_aMABoQA6wtvj-90" value="" style="line;html=1;strokeWidth=1;align=left;verticalAlign=middle;spacingTop=-1;spacingLeft=3;spacingRight=3;rotatable=0;labelPosition=right;points=[];portConstraint=eastwest;" vertex="1" parent="wInU1kl_aMABoQA6wtvj-89">
          <mxGeometry y="26" width="240" height="8" as="geometry" />
        </mxCell>
        <mxCell id="wInU1kl_aMABoQA6wtvj-91" value="generateReport()" style="text;align=left;verticalAlign=top;spacingLeft=4;spacingRight=4;overflow=hidden;rotatable=0;points=[[0,0.5],[1,0.5]];portConstraint=eastwest;" vertex="1" parent="wInU1kl_aMABoQA6wtvj-89">
          <mxGeometry y="34" width="240" height="26" as="geometry" />
        </mxCell>
        <mxCell id="wInU1kl_aMABoQA6wtvj-126" style="rounded=0;orthogonalLoop=1;jettySize=auto;html=1;endArrow=none;endFill=0;" edge="1" parent="WIyWlLk6GJQsqaUBKTNV-1" source="wInU1kl_aMABoQA6wtvj-92" target="wInU1kl_aMABoQA6wtvj-13">
          <mxGeometry relative="1" as="geometry" />
        </mxCell>
        <mxCell id="wInU1kl_aMABoQA6wtvj-92" value=" Users" style="swimlane;fontStyle=2;align=center;verticalAlign=top;childLayout=stackLayout;horizontal=1;startSize=26;horizontalStack=0;resizeParent=1;resizeLast=0;collapsible=1;marginBottom=0;rounded=0;shadow=0;strokeWidth=1;fillColor=#ffe6cc;strokeColor=#d79b00;" vertex="1" parent="WIyWlLk6GJQsqaUBKTNV-1">
          <mxGeometry x="143.5" y="40" width="270" height="760" as="geometry">
            <mxRectangle x="230" y="140" width="160" height="26" as="alternateBounds" />
          </mxGeometry>
        </mxCell>
        <mxCell id="wInU1kl_aMABoQA6wtvj-93" value="userID" style="text;align=left;verticalAlign=top;spacingLeft=4;spacingRight=4;overflow=hidden;rotatable=0;points=[[0,0.5],[1,0.5]];portConstraint=eastwest;" vertex="1" parent="wInU1kl_aMABoQA6wtvj-92">
          <mxGeometry y="26" width="270" height="26" as="geometry" />
        </mxCell>
        <mxCell id="wInU1kl_aMABoQA6wtvj-94" value="username" style="text;align=left;verticalAlign=top;spacingLeft=4;spacingRight=4;overflow=hidden;rotatable=0;points=[[0,0.5],[1,0.5]];portConstraint=eastwest;rounded=0;shadow=0;html=0;" vertex="1" parent="wInU1kl_aMABoQA6wtvj-92">
          <mxGeometry y="52" width="270" height="26" as="geometry" />
        </mxCell>
        <mxCell id="wInU1kl_aMABoQA6wtvj-95" value="contact" style="text;align=left;verticalAlign=top;spacingLeft=4;spacingRight=4;overflow=hidden;rotatable=0;points=[[0,0.5],[1,0.5]];portConstraint=eastwest;rounded=0;shadow=0;html=0;" vertex="1" parent="wInU1kl_aMABoQA6wtvj-92">
          <mxGeometry y="78" width="270" height="26" as="geometry" />
        </mxCell>
        <mxCell id="wInU1kl_aMABoQA6wtvj-96" value=" gradeLevel" style="text;align=left;verticalAlign=top;spacingLeft=4;spacingRight=4;overflow=hidden;rotatable=0;points=[[0,0.5],[1,0.5]];portConstraint=eastwest;" vertex="1" parent="wInU1kl_aMABoQA6wtvj-92">
          <mxGeometry y="104" width="270" height="26" as="geometry" />
        </mxCell>
        <mxCell id="wInU1kl_aMABoQA6wtvj-97" value="gender" style="text;align=left;verticalAlign=top;spacingLeft=4;spacingRight=4;overflow=hidden;rotatable=0;points=[[0,0.5],[1,0.5]];portConstraint=eastwest;" vertex="1" parent="wInU1kl_aMABoQA6wtvj-92">
          <mxGeometry y="130" width="270" height="26" as="geometry" />
        </mxCell>
        <mxCell id="wInU1kl_aMABoQA6wtvj-99" value="age" style="text;align=left;verticalAlign=top;spacingLeft=4;spacingRight=4;overflow=hidden;rotatable=0;points=[[0,0.5],[1,0.5]];portConstraint=eastwest;" vertex="1" parent="wInU1kl_aMABoQA6wtvj-92">
          <mxGeometry y="156" width="270" height="26" as="geometry" />
        </mxCell>
        <mxCell id="wInU1kl_aMABoQA6wtvj-100" value="password" style="text;align=left;verticalAlign=top;spacingLeft=4;spacingRight=4;overflow=hidden;rotatable=0;points=[[0,0.5],[1,0.5]];portConstraint=eastwest;" vertex="1" parent="wInU1kl_aMABoQA6wtvj-92">
          <mxGeometry y="182" width="270" height="26" as="geometry" />
        </mxCell>
        <mxCell id="wInU1kl_aMABoQA6wtvj-101" value="userType" style="text;align=left;verticalAlign=top;spacingLeft=4;spacingRight=4;overflow=hidden;rotatable=0;points=[[0,0.5],[1,0.5]];portConstraint=eastwest;" vertex="1" parent="wInU1kl_aMABoQA6wtvj-92">
          <mxGeometry y="208" width="270" height="26" as="geometry" />
        </mxCell>
        <mxCell id="wInU1kl_aMABoQA6wtvj-98" value="" style="line;html=1;strokeWidth=1;align=left;verticalAlign=middle;spacingTop=-1;spacingLeft=3;spacingRight=3;rotatable=0;labelPosition=right;points=[];portConstraint=eastwest;" vertex="1" parent="wInU1kl_aMABoQA6wtvj-92">
          <mxGeometry y="234" width="270" height="8" as="geometry" />
        </mxCell>
        <mxCell id="wInU1kl_aMABoQA6wtvj-102" value=" Users(int userID, String username, String contact, int gradeLevel, String gender, int age, String password, String userType)" style="text;align=left;verticalAlign=top;spacingLeft=4;spacingRight=4;overflow=hidden;rotatable=0;points=[[0,0.5],[1,0.5]];portConstraint=eastwest;" vertex="1" parent="wInU1kl_aMABoQA6wtvj-92">
          <mxGeometry y="242" width="270" height="26" as="geometry" />
        </mxCell>
        <mxCell id="wInU1kl_aMABoQA6wtvj-103" value="getUserID()" style="text;align=left;verticalAlign=top;spacingLeft=4;spacingRight=4;overflow=hidden;rotatable=0;points=[[0,0.5],[1,0.5]];portConstraint=eastwest;" vertex="1" parent="wInU1kl_aMABoQA6wtvj-92">
          <mxGeometry y="268" width="270" height="26" as="geometry" />
        </mxCell>
        <mxCell id="wInU1kl_aMABoQA6wtvj-104" value=" getUsername()" style="text;align=left;verticalAlign=top;spacingLeft=4;spacingRight=4;overflow=hidden;rotatable=0;points=[[0,0.5],[1,0.5]];portConstraint=eastwest;" vertex="1" parent="wInU1kl_aMABoQA6wtvj-92">
          <mxGeometry y="294" width="270" height="26" as="geometry" />
        </mxCell>
        <mxCell id="wInU1kl_aMABoQA6wtvj-105" value="getContact() " style="text;align=left;verticalAlign=top;spacingLeft=4;spacingRight=4;overflow=hidden;rotatable=0;points=[[0,0.5],[1,0.5]];portConstraint=eastwest;" vertex="1" parent="wInU1kl_aMABoQA6wtvj-92">
          <mxGeometry y="320" width="270" height="26" as="geometry" />
        </mxCell>
        <mxCell id="wInU1kl_aMABoQA6wtvj-106" value=" getGradeLevel()" style="text;align=left;verticalAlign=top;spacingLeft=4;spacingRight=4;overflow=hidden;rotatable=0;points=[[0,0.5],[1,0.5]];portConstraint=eastwest;" vertex="1" parent="wInU1kl_aMABoQA6wtvj-92">
          <mxGeometry y="346" width="270" height="26" as="geometry" />
        </mxCell>
        <mxCell id="wInU1kl_aMABoQA6wtvj-107" value="getGender()" style="text;align=left;verticalAlign=top;spacingLeft=4;spacingRight=4;overflow=hidden;rotatable=0;points=[[0,0.5],[1,0.5]];portConstraint=eastwest;" vertex="1" parent="wInU1kl_aMABoQA6wtvj-92">
          <mxGeometry y="372" width="270" height="26" as="geometry" />
        </mxCell>
        <mxCell id="wInU1kl_aMABoQA6wtvj-108" value="getAge()" style="text;align=left;verticalAlign=top;spacingLeft=4;spacingRight=4;overflow=hidden;rotatable=0;points=[[0,0.5],[1,0.5]];portConstraint=eastwest;" vertex="1" parent="wInU1kl_aMABoQA6wtvj-92">
          <mxGeometry y="398" width="270" height="26" as="geometry" />
        </mxCell>
        <mxCell id="wInU1kl_aMABoQA6wtvj-109" value="getPassword()" style="text;align=left;verticalAlign=top;spacingLeft=4;spacingRight=4;overflow=hidden;rotatable=0;points=[[0,0.5],[1,0.5]];portConstraint=eastwest;" vertex="1" parent="wInU1kl_aMABoQA6wtvj-92">
          <mxGeometry y="424" width="270" height="26" as="geometry" />
        </mxCell>
        <mxCell id="wInU1kl_aMABoQA6wtvj-110" value="getUserType() " style="text;align=left;verticalAlign=top;spacingLeft=4;spacingRight=4;overflow=hidden;rotatable=0;points=[[0,0.5],[1,0.5]];portConstraint=eastwest;" vertex="1" parent="wInU1kl_aMABoQA6wtvj-92">
          <mxGeometry y="450" width="270" height="26" as="geometry" />
        </mxCell>
        <mxCell id="wInU1kl_aMABoQA6wtvj-111" value="getUsersData()" style="text;align=left;verticalAlign=top;spacingLeft=4;spacingRight=4;overflow=hidden;rotatable=0;points=[[0,0.5],[1,0.5]];portConstraint=eastwest;" vertex="1" parent="wInU1kl_aMABoQA6wtvj-92">
          <mxGeometry y="476" width="270" height="26" as="geometry" />
        </mxCell>
        <mxCell id="wInU1kl_aMABoQA6wtvj-112" value="setGradeLevel(int gradeLevel)" style="text;align=left;verticalAlign=top;spacingLeft=4;spacingRight=4;overflow=hidden;rotatable=0;points=[[0,0.5],[1,0.5]];portConstraint=eastwest;" vertex="1" parent="wInU1kl_aMABoQA6wtvj-92">
          <mxGeometry y="502" width="270" height="26" as="geometry" />
        </mxCell>
        <mxCell id="wInU1kl_aMABoQA6wtvj-113" value="saveData()" style="text;align=left;verticalAlign=top;spacingLeft=4;spacingRight=4;overflow=hidden;rotatable=0;points=[[0,0.5],[1,0.5]];portConstraint=eastwest;" vertex="1" parent="wInU1kl_aMABoQA6wtvj-92">
          <mxGeometry y="528" width="270" height="26" as="geometry" />
        </mxCell>
        <mxCell id="wInU1kl_aMABoQA6wtvj-114" value="viewUsers()" style="text;align=left;verticalAlign=top;spacingLeft=4;spacingRight=4;overflow=hidden;rotatable=0;points=[[0,0.5],[1,0.5]];portConstraint=eastwest;" vertex="1" parent="wInU1kl_aMABoQA6wtvj-92">
          <mxGeometry y="554" width="270" height="26" as="geometry" />
        </mxCell>
        <mxCell id="wInU1kl_aMABoQA6wtvj-115" value="addUser()" style="text;align=left;verticalAlign=top;spacingLeft=4;spacingRight=4;overflow=hidden;rotatable=0;points=[[0,0.5],[1,0.5]];portConstraint=eastwest;" vertex="1" parent="wInU1kl_aMABoQA6wtvj-92">
          <mxGeometry y="580" width="270" height="26" as="geometry" />
        </mxCell>
        <mxCell id="wInU1kl_aMABoQA6wtvj-116" value=" passwordFound(String password, int userID)" style="text;align=left;verticalAlign=top;spacingLeft=4;spacingRight=4;overflow=hidden;rotatable=0;points=[[0,0.5],[1,0.5]];portConstraint=eastwest;" vertex="1" parent="wInU1kl_aMABoQA6wtvj-92">
          <mxGeometry y="606" width="270" height="26" as="geometry" />
        </mxCell>
        <mxCell id="wInU1kl_aMABoQA6wtvj-117" value="isUserFound(int userID)" style="text;align=left;verticalAlign=top;spacingLeft=4;spacingRight=4;overflow=hidden;rotatable=0;points=[[0,0.5],[1,0.5]];portConstraint=eastwest;" vertex="1" parent="wInU1kl_aMABoQA6wtvj-92">
          <mxGeometry y="632" width="270" height="26" as="geometry" />
        </mxCell>
        <mxCell id="wInU1kl_aMABoQA6wtvj-118" value=" isInstructorFound(int userID)" style="text;align=left;verticalAlign=top;spacingLeft=4;spacingRight=4;overflow=hidden;rotatable=0;points=[[0,0.5],[1,0.5]];portConstraint=eastwest;" vertex="1" parent="wInU1kl_aMABoQA6wtvj-92">
          <mxGeometry y="658" width="270" height="26" as="geometry" />
        </mxCell>
        <mxCell id="wInU1kl_aMABoQA6wtvj-119" value=" getUserRoleOfLoggedInUser(int userID)" style="text;align=left;verticalAlign=top;spacingLeft=4;spacingRight=4;overflow=hidden;rotatable=0;points=[[0,0.5],[1,0.5]];portConstraint=eastwest;" vertex="1" parent="wInU1kl_aMABoQA6wtvj-92">
          <mxGeometry y="684" width="270" height="26" as="geometry" />
        </mxCell>
        <mxCell id="wInU1kl_aMABoQA6wtvj-120" value="increaseLearnerGradeLevel()" style="text;align=left;verticalAlign=top;spacingLeft=4;spacingRight=4;overflow=hidden;rotatable=0;points=[[0,0.5],[1,0.5]];portConstraint=eastwest;" vertex="1" parent="wInU1kl_aMABoQA6wtvj-92">
          <mxGeometry y="710" width="270" height="26" as="geometry" />
        </mxCell>
        <mxCell id="wInU1kl_aMABoQA6wtvj-122" style="rounded=0;orthogonalLoop=1;jettySize=auto;html=1;entryX=-0.007;entryY=0.014;entryDx=0;entryDy=0;entryPerimeter=0;endArrow=none;endFill=0;" edge="1" parent="WIyWlLk6GJQsqaUBKTNV-1" target="wInU1kl_aMABoQA6wtvj-45">
          <mxGeometry relative="1" as="geometry">
            <mxPoint x="410" y="50" as="sourcePoint" />
          </mxGeometry>
        </mxCell>
        <mxCell id="wInU1kl_aMABoQA6wtvj-123" value="1" style="text;html=1;align=center;verticalAlign=middle;resizable=0;points=[];autosize=1;strokeColor=none;fillColor=none;" vertex="1" parent="WIyWlLk6GJQsqaUBKTNV-1">
          <mxGeometry x="414" y="20" width="30" height="30" as="geometry" />
        </mxCell>
        <mxCell id="wInU1kl_aMABoQA6wtvj-124" value="1..*" style="text;html=1;align=center;verticalAlign=middle;resizable=0;points=[];autosize=1;strokeColor=none;fillColor=none;" vertex="1" parent="WIyWlLk6GJQsqaUBKTNV-1">
          <mxGeometry x="710" y="20" width="40" height="30" as="geometry" />
        </mxCell>
        <mxCell id="wInU1kl_aMABoQA6wtvj-125" value="Books / update / cancel / view" style="text;html=1;align=center;verticalAlign=middle;resizable=0;points=[];autosize=1;strokeColor=none;fillColor=none;" vertex="1" parent="WIyWlLk6GJQsqaUBKTNV-1">
          <mxGeometry x="455" y="58" width="180" height="30" as="geometry" />
        </mxCell>
        <mxCell id="wInU1kl_aMABoQA6wtvj-127" value="1" style="text;html=1;align=center;verticalAlign=middle;resizable=0;points=[];autosize=1;strokeColor=none;fillColor=none;" vertex="1" parent="WIyWlLk6GJQsqaUBKTNV-1">
          <mxGeometry x="275" y="798" width="30" height="30" as="geometry" />
        </mxCell>
        <mxCell id="wInU1kl_aMABoQA6wtvj-128" value="1..*" style="text;html=1;align=center;verticalAlign=middle;resizable=0;points=[];autosize=1;strokeColor=none;fillColor=none;" vertex="1" parent="WIyWlLk6GJQsqaUBKTNV-1">
          <mxGeometry x="279" y="940" width="40" height="30" as="geometry" />
        </mxCell>
        <mxCell id="wInU1kl_aMABoQA6wtvj-129" value="display / apply filter" style="text;html=1;align=center;verticalAlign=middle;resizable=0;points=[];autosize=1;strokeColor=none;fillColor=none;" vertex="1" parent="WIyWlLk6GJQsqaUBKTNV-1">
          <mxGeometry x="143.5" y="858" width="130" height="30" as="geometry" />
        </mxCell>
        <mxCell id="wInU1kl_aMABoQA6wtvj-132" style="edgeStyle=orthogonalEdgeStyle;rounded=0;orthogonalLoop=1;jettySize=auto;html=1;exitX=1;exitY=0.5;exitDx=0;exitDy=0;endArrow=none;endFill=0;entryX=0.278;entryY=0;entryDx=0;entryDy=0;entryPerimeter=0;" edge="1" parent="WIyWlLk6GJQsqaUBKTNV-1" source="wInU1kl_aMABoQA6wtvj-120" target="zkfFHV4jXpPFQw0GAbJ--0">
          <mxGeometry relative="1" as="geometry">
            <mxPoint x="720" y="1170" as="targetPoint" />
          </mxGeometry>
        </mxCell>
        <mxCell id="wInU1kl_aMABoQA6wtvj-133" value="1" style="text;html=1;align=center;verticalAlign=middle;resizable=0;points=[];autosize=1;strokeColor=none;fillColor=none;" vertex="1" parent="WIyWlLk6GJQsqaUBKTNV-1">
          <mxGeometry x="415" y="770" width="30" height="30" as="geometry" />
        </mxCell>
        <mxCell id="wInU1kl_aMABoQA6wtvj-134" value="1..*" style="text;html=1;align=center;verticalAlign=middle;resizable=0;points=[];autosize=1;strokeColor=none;fillColor=none;" vertex="1" parent="WIyWlLk6GJQsqaUBKTNV-1">
          <mxGeometry x="560" y="1150" width="40" height="30" as="geometry" />
        </mxCell>
        <mxCell id="wInU1kl_aMABoQA6wtvj-135" value="Adds / View" style="text;html=1;align=center;verticalAlign=middle;resizable=0;points=[];autosize=1;strokeColor=none;fillColor=none;" vertex="1" parent="WIyWlLk6GJQsqaUBKTNV-1">
          <mxGeometry x="510" y="950" width="90" height="30" as="geometry" />
        </mxCell>
        <mxCell id="wInU1kl_aMABoQA6wtvj-136" style="edgeStyle=orthogonalEdgeStyle;rounded=0;orthogonalLoop=1;jettySize=auto;html=1;exitX=0.5;exitY=1;exitDx=0;exitDy=0;entryX=0.894;entryY=0.003;entryDx=0;entryDy=0;entryPerimeter=0;endArrow=none;endFill=0;" edge="1" parent="WIyWlLk6GJQsqaUBKTNV-1" source="wInU1kl_aMABoQA6wtvj-45" target="wInU1kl_aMABoQA6wtvj-13">
          <mxGeometry relative="1" as="geometry" />
        </mxCell>
        <mxCell id="wInU1kl_aMABoQA6wtvj-137" value="1" style="text;html=1;align=center;verticalAlign=middle;resizable=0;points=[];autosize=1;strokeColor=none;fillColor=none;" vertex="1" parent="WIyWlLk6GJQsqaUBKTNV-1">
          <mxGeometry x="385" y="928" width="30" height="30" as="geometry" />
        </mxCell>
        <mxCell id="wInU1kl_aMABoQA6wtvj-138" value="1..*" style="text;html=1;align=center;verticalAlign=middle;resizable=0;points=[];autosize=1;strokeColor=none;fillColor=none;" vertex="1" parent="WIyWlLk6GJQsqaUBKTNV-1">
          <mxGeometry x="880" y="758" width="40" height="30" as="geometry" />
        </mxCell>
        <mxCell id="wInU1kl_aMABoQA6wtvj-139" value="Belongs to" style="text;html=1;align=center;verticalAlign=middle;resizable=0;points=[];autosize=1;strokeColor=none;fillColor=none;" vertex="1" parent="WIyWlLk6GJQsqaUBKTNV-1">
          <mxGeometry x="780" y="828" width="80" height="30" as="geometry" />
        </mxCell>
        <mxCell id="wInU1kl_aMABoQA6wtvj-141" value="1" style="text;html=1;align=center;verticalAlign=middle;resizable=0;points=[];autosize=1;strokeColor=none;fillColor=none;" vertex="1" parent="WIyWlLk6GJQsqaUBKTNV-1">
          <mxGeometry x="705" y="1958" width="30" height="30" as="geometry" />
        </mxCell>
        <mxCell id="wInU1kl_aMABoQA6wtvj-142" value="1..*" style="text;html=1;align=center;verticalAlign=middle;resizable=0;points=[];autosize=1;strokeColor=none;fillColor=none;" vertex="1" parent="WIyWlLk6GJQsqaUBKTNV-1">
          <mxGeometry x="270" y="1808" width="40" height="30" as="geometry" />
        </mxCell>
        <mxCell id="wInU1kl_aMABoQA6wtvj-143" value="belongs to" style="text;html=1;align=center;verticalAlign=middle;resizable=0;points=[];autosize=1;strokeColor=none;fillColor=none;" vertex="1" parent="WIyWlLk6GJQsqaUBKTNV-1">
          <mxGeometry x="450" y="1858" width="80" height="30" as="geometry" />
        </mxCell>
        <mxCell id="wInU1kl_aMABoQA6wtvj-144" style="edgeStyle=orthogonalEdgeStyle;rounded=0;orthogonalLoop=1;jettySize=auto;html=1;exitX=0.75;exitY=1;exitDx=0;exitDy=0;entryX=0.792;entryY=0;entryDx=0;entryDy=0;entryPerimeter=0;endArrow=none;endFill=0;" edge="1" parent="WIyWlLk6GJQsqaUBKTNV-1" source="wInU1kl_aMABoQA6wtvj-45" target="wInU1kl_aMABoQA6wtvj-80">
          <mxGeometry relative="1" as="geometry">
            <Array as="points">
              <mxPoint x="953" y="1890" />
              <mxPoint x="770" y="1890" />
            </Array>
          </mxGeometry>
        </mxCell>
        <mxCell id="wInU1kl_aMABoQA6wtvj-145" value="1" style="text;html=1;align=center;verticalAlign=middle;resizable=0;points=[];autosize=1;strokeColor=none;fillColor=none;" vertex="1" parent="WIyWlLk6GJQsqaUBKTNV-1">
          <mxGeometry x="770" y="1958" width="30" height="30" as="geometry" />
        </mxCell>
        <mxCell id="wInU1kl_aMABoQA6wtvj-146" value="1..*" style="text;html=1;align=center;verticalAlign=middle;resizable=0;points=[];autosize=1;strokeColor=none;fillColor=none;" vertex="1" parent="WIyWlLk6GJQsqaUBKTNV-1">
          <mxGeometry x="950" y="758" width="40" height="30" as="geometry" />
        </mxCell>
        <mxCell id="wInU1kl_aMABoQA6wtvj-147" value="belongs To" style="text;html=1;align=center;verticalAlign=middle;resizable=0;points=[];autosize=1;strokeColor=none;fillColor=none;" vertex="1" parent="WIyWlLk6GJQsqaUBKTNV-1">
          <mxGeometry x="950" y="1128" width="80" height="30" as="geometry" />
        </mxCell>
        <mxCell id="wInU1kl_aMABoQA6wtvj-148" style="rounded=0;orthogonalLoop=1;jettySize=auto;html=1;entryX=0.01;entryY=0.063;entryDx=0;entryDy=0;entryPerimeter=0;endArrow=none;endFill=0;exitX=1.004;exitY=0.075;exitDx=0;exitDy=0;exitPerimeter=0;" edge="1" parent="WIyWlLk6GJQsqaUBKTNV-1" source="zkfFHV4jXpPFQw0GAbJ--17" target="wInU1kl_aMABoQA6wtvj-80">
          <mxGeometry relative="1" as="geometry">
            <mxPoint x="380" y="2010" as="sourcePoint" />
          </mxGeometry>
        </mxCell>
        <mxCell id="wInU1kl_aMABoQA6wtvj-149" value="1..*" style="text;html=1;align=center;verticalAlign=middle;resizable=0;points=[];autosize=1;strokeColor=none;fillColor=none;" vertex="1" parent="WIyWlLk6GJQsqaUBKTNV-1">
          <mxGeometry x="370" y="1970" width="40" height="30" as="geometry" />
        </mxCell>
        <mxCell id="wInU1kl_aMABoQA6wtvj-150" value="1" style="text;html=1;align=center;verticalAlign=middle;resizable=0;points=[];autosize=1;strokeColor=none;fillColor=none;" vertex="1" parent="WIyWlLk6GJQsqaUBKTNV-1">
          <mxGeometry x="530" y="1970" width="30" height="30" as="geometry" />
        </mxCell>
        <mxCell id="wInU1kl_aMABoQA6wtvj-151" value="blongs to" style="text;html=1;align=center;verticalAlign=middle;resizable=0;points=[];autosize=1;strokeColor=none;fillColor=none;" vertex="1" parent="WIyWlLk6GJQsqaUBKTNV-1">
          <mxGeometry x="440" y="2010" width="70" height="30" as="geometry" />
        </mxCell>
        <mxCell id="wInU1kl_aMABoQA6wtvj-153" value="1" style="text;html=1;align=center;verticalAlign=middle;resizable=0;points=[];autosize=1;strokeColor=none;fillColor=none;" vertex="1" parent="WIyWlLk6GJQsqaUBKTNV-1">
          <mxGeometry x="695" y="2318" width="30" height="30" as="geometry" />
        </mxCell>
        <mxCell id="wInU1kl_aMABoQA6wtvj-154" value="1..*" style="text;html=1;align=center;verticalAlign=middle;resizable=0;points=[];autosize=1;strokeColor=none;fillColor=none;" vertex="1" parent="WIyWlLk6GJQsqaUBKTNV-1">
          <mxGeometry x="700" y="2220" width="40" height="30" as="geometry" />
        </mxCell>
        <mxCell id="wInU1kl_aMABoQA6wtvj-155" value="Belongs To" style="text;html=1;align=center;verticalAlign=middle;resizable=0;points=[];autosize=1;strokeColor=none;fillColor=none;" vertex="1" parent="WIyWlLk6GJQsqaUBKTNV-1">
          <mxGeometry x="625" y="2268" width="80" height="30" as="geometry" />
        </mxCell>
        <mxCell id="wInU1kl_aMABoQA6wtvj-156" style="rounded=0;orthogonalLoop=1;jettySize=auto;html=1;exitX=1;exitY=0.145;exitDx=0;exitDy=0;entryX=0.012;entryY=0.091;entryDx=0;entryDy=0;entryPerimeter=0;endArrow=none;endFill=0;exitPerimeter=0;" edge="1" parent="WIyWlLk6GJQsqaUBKTNV-1" source="zkfFHV4jXpPFQw0GAbJ--6" target="zkfFHV4jXpPFQw0GAbJ--13">
          <mxGeometry relative="1" as="geometry" />
        </mxCell>
        <mxCell id="wInU1kl_aMABoQA6wtvj-157" value="1" style="text;html=1;align=center;verticalAlign=middle;resizable=0;points=[];autosize=1;strokeColor=none;fillColor=none;" vertex="1" parent="WIyWlLk6GJQsqaUBKTNV-1">
          <mxGeometry x="375" y="2338" width="30" height="30" as="geometry" />
        </mxCell>
        <mxCell id="wInU1kl_aMABoQA6wtvj-158" value="1" style="text;html=1;align=center;verticalAlign=middle;resizable=0;points=[];autosize=1;strokeColor=none;fillColor=none;" vertex="1" parent="WIyWlLk6GJQsqaUBKTNV-1">
          <mxGeometry x="555" y="2338" width="30" height="30" as="geometry" />
        </mxCell>
        <mxCell id="wInU1kl_aMABoQA6wtvj-159" value="&amp;lt;&amp;lt; uses &amp;gt;&amp;gt;" style="text;html=1;align=center;verticalAlign=middle;resizable=0;points=[];autosize=1;strokeColor=none;fillColor=none;" vertex="1" parent="WIyWlLk6GJQsqaUBKTNV-1">
          <mxGeometry x="420" y="2368" width="80" height="30" as="geometry" />
        </mxCell>
        <mxCell id="wInU1kl_aMABoQA6wtvj-163" value="Implements" style="text;html=1;align=center;verticalAlign=middle;resizable=0;points=[];autosize=1;strokeColor=none;fillColor=none;" vertex="1" parent="WIyWlLk6GJQsqaUBKTNV-1">
          <mxGeometry x="163.5" y="2510" width="90" height="30" as="geometry" />
        </mxCell>
        <mxCell id="wInU1kl_aMABoQA6wtvj-164" value="Implements" style="text;html=1;align=center;verticalAlign=middle;resizable=0;points=[];autosize=1;strokeColor=none;fillColor=none;" vertex="1" parent="WIyWlLk6GJQsqaUBKTNV-1">
          <mxGeometry x="705" y="2540" width="90" height="30" as="geometry" />
        </mxCell>
        <mxCell id="wInU1kl_aMABoQA6wtvj-166" value="1" style="text;html=1;align=center;verticalAlign=middle;resizable=0;points=[];autosize=1;strokeColor=none;fillColor=none;" vertex="1" parent="WIyWlLk6GJQsqaUBKTNV-1">
          <mxGeometry x="705" y="678" width="30" height="30" as="geometry" />
        </mxCell>
        <mxCell id="wInU1kl_aMABoQA6wtvj-167" value="1" style="text;html=1;align=center;verticalAlign=middle;resizable=0;points=[];autosize=1;strokeColor=none;fillColor=none;" vertex="1" parent="WIyWlLk6GJQsqaUBKTNV-1">
          <mxGeometry x="655" y="1168" width="30" height="30" as="geometry" />
        </mxCell>
        <mxCell id="wInU1kl_aMABoQA6wtvj-168" value="has" style="text;html=1;align=center;verticalAlign=middle;resizable=0;points=[];autosize=1;strokeColor=none;fillColor=none;" vertex="1" parent="WIyWlLk6GJQsqaUBKTNV-1">
          <mxGeometry x="660" y="950" width="40" height="30" as="geometry" />
        </mxCell>
      </root>
    </mxGraphModel>
  </diagram>
</mxfile>
